INSERT INTO `voicebanks` (`id`, `codename`, `name`, `description`, `lang`, `widget`, `link`, `date`) VALUES
(1, 'solaria', 'Solaria', 'SOLARIA is an English vocal developed and distributed by Eclipsed Sounds, LLC, and released as an AI voice database for Synthesizer V Studio in January 2022.', 'english', 'PLACEHOLDER_WIDGET', 'PLACEHOLDER_LINK', '2022-05-29 01:59:55'),
(2, 'tsurumakimakiaieng', 'Tsurumaki Maki AI ENG', 'Tsurumaki Maki (弦巻マキ) is a Japanese and English vocal developed and distributed by AH-Software Co. Ltd., and was released as Standard and AI voice databases for Synthesizer V Studio in June 2021. She is also capable of speaking in both languages through CeVIO AI, but originally debuted as a Japanese-only VOICEROID+ speech voicebank in November 2010, and later received an update for VOICEROID+ EX in October 2014.', 'english', 'PLACEHOLDER_WIDGET', 'PLACEHOLDER_LINK', '2022-05-29 02:01:06'),
(3, 'kevin', 'Kevin', 'Kevin is an English vocal developed and distributed by Dreamtonics Co., Ltd., and released as an AI voice database for Synthesizer V Studio in February 2022.\r\n\r\nHis voice provider has not been officially revealed, but Kevin was confirmed to have an American accent. ', 'english', 'PLACEHOLDER_WIDGET', 'PLACEHOLDER_LINK', '2022-05-29 03:27:12');

INSERT INTO `users` (`username`, `password`, `creationDate`, `status`, `role`) VALUES
('CangQiong', '$2y$10$P2CL09TG4qIiAggenfo.E.PuNpRIPRIbDdmgkYPQqSSksdS0wVhUq', '2022-05-29 12:34:02', 1, 0),
('Evelynn', '$2y$10$QhlNQg0tEGeQEcKyM8xMMOBTD1d6Rl.OMK8Nfii1HJ7lFAhZ62nwi', '2022-05-09 11:46:38', 1, 1),
('Javi12', '$2y$10$j3Z.kuXLtEtt2GK67YOi6utdD4IRcBkrxW1fie41JGub5j0G8l0AS', '2022-05-13 14:46:50', 1, 0),
('Kebin', '$2y$10$6vwwVDYEWSoIptyue70lze/R.R/SeQyexhMqolSagZcMS.EBZYInG', '2022-05-11 12:52:02', 1, 0),
('MarshalLee', '$2y$10$1yEttnjbjXPROsD3pNATVOkzl7jHpWWzaZmSXrgaWLXH6OxvQZhTa', '2022-05-29 12:34:16', 1, 0),
('MegurineLuka', '$2y$10$TSGkIgNa1pwGxSMB2HRhNO57L3HD/qFFqEwIzMXJIzRbq/JWWKoYO', '2022-05-29 12:33:38', 1, 0),
('Miku39', '$2y$10$dN7Vl2T7pT5WqHSsPY2CIO9KVL3Oi74704mLbOITnROpeewLVXVe2', '2022-05-29 12:33:15', 1, 0),
('Yoim1ya_', '$2y$10$dTTBkgFFGRarvErkPVb7yeH2Lsj.bb4pM5lhEKbuGj24Q4hxxYI8O', '2022-05-29 12:35:26', 0, 0);

INSERT INTO `posts` (`id`, `title`, `text`, `media`, `author`, `date`, `type`) VALUES
(1, '¡Hola!', '## Bienvenidos a VirtuaVoca\r\n\r\nAquí podrás:\r\n1. Discutir sobre tus canciones sintetizadas favoritas\r\n2. ¡Hacerlas!\r\n\r\nNo dejes de visitar el apartado [OpenUTAU](openUTAU.php)', NULL, 'Evelynn', '2022-05-12 16:07:33', 2),
(2, 'Bienvenidos a la comunidad', 'Estamos **muy** contentos de que hayas escogido VirtuaVoca para publicar y darte a conocer al mundo de los sintetizadores, aquí una lista de cosas que deberías mirar :D\n\n1. Los covers de la comunidad en la sección de [covers](covers.php)\n2. La increíble creatividad de todos a la hora de crear [canciones originales](originales.php)\n3. Las voces disponibles para descarga gratuíta y uso comercial en [OpenUTAU](openutau.php)\n\n### ¡Gracias y que te lo pases genial!', NULL, 'Evelynn', '2022-05-29 12:46:06', 2),
(3, 'Eres un enfermo - Solaria, Karin y Maki', 'Hice un cover de esta canción porque me encanta, es muy vieja y pegadiza jajajaja\n\nLas voces son en japonés pero con un poco de toqueteo, suenan muy bien en español\n\n---\n#### Letra:\nUn fin de semana en el Corte Inglés\nTu me convenciste para comprarte el Internet\nMaldito momento, fue mi perdición\nPues desde ese dia ya no hacemos el amor.\n\nTú ya no me miras, ya no te importo\nY si me insinuo tu me dices que pa qué\nCon esos cuerpos y lo que gastan\nTe salen mas baratas las mujeres del pc.\n\nY tu que prefieres quedarte todo el dia pegado a la pantalla\n\nEres un enfermo, eres un enfermo\nEres un enfermo del cibersexo\nMe pones los cuernos, me pones los cuernos\nUve doble uve doble tias buenas punto com.\n\nMira vida, esto es un infierno\nMira vida mía, quiero la separación\nEres un enfermo, eres un enfermo\nEres un enfermo del cibersexo\nMe pones los cuernos, me pones los cuernos\nCon el disco duro, la pantalla y el raton.\n\nMira vida esto es un infierno\nMira vida mía quiero la separación\n\nUna noche de estas que no pude dormir\nEscuche unos ruidos muy extranos para mí\nEra mi marido haciendo el amor\nA una Pamela dentro del ordenador.\n\nTu ya no me quieres, yo ya no te hago falta\nQue el amor internauta es un venenno sin igual\nY si me pongo sexy me dices a la cara\nQue la tarifa plana me compensa mucho más.\n\nPero un día de estos que me pilles de malas\nTe tragas la pantalla\n\nEres un enfermo, eres un enfermo\nEres un enfermo del cibersexo\nMe pones los cuernos, me pones los cuernos\nUve doble uve doble tias buenas punto com.\n\nMira vida esto es un infierno\nMira vida mía quiero la separación\n\nEres un enfermo, eres un enfermo\nEres un enfermo del cibersexo\nMe pones los cuernos, me pones los cuernos\nCon el disco duro, la pantalla y el raton\n\nMira vida esto es un infierno\nMira vida mía quiero la separación.', '(Miku39)-eres un enfermo.mp3', 'Miku39', '2022-05-29 12:50:30', 0),
(4, 'Vivir así es morir de amor - Tsurumaki Maki AI ENG', 'Me encanta esta canción, la cantaba mi padre cuando seguía vivo 😔\n\nY como ha salido una versión nueva, pues quise hacerla con Maki porque me encanta su voz\n\nEspero que os guste', '(Kebin)-vivir asi es morir de amor.mp3', 'Kebin', '2022-05-29 12:52:52', 0),
(5, 'Caminar', 'Hice una canción con Yamine Renri, corté con mi última pareja y necesitaba plasmarlo en una canción, gracias por escuchar\n\n#### Letra\n¿Dónde quedaste tú?\n\nNo sé como llegar a ti\n\nTal vez pueda buscar un medio para finalmente yo volver\n\nLo sé, es irreal\n\nPensar en tu andar\n\nSi bien, tu ya no vas a mirarme vas, por ti voy a caminar\n\nHuyendo\n\nOyendo\n\nEl agua sobre el suelo\n\nEn medio de la lluvia\n\nNo, no, yo no sé por qué, como nuestro ayer, no va a suceder\n\nPero al caminar nuestro pulso vive en soledad\n\nBusco las palabras,\n\nCalmar la tempestad\n\nReconstruyendo tu amor, que se apagó sin ritardando dejar\n\nUn tierno tiempo de más\n\nYa no tendré notas de ti\n\nLa coda ya comenzó, pero el viento solo habla por mi\n\nDisuenen acordes en un contratiempo marcando nuestro adios\n\nNo, no, yo no sé por qué, como nuestro ayer, no va a suceder\n\nPero al caminar nuestro pulso vive en soledad ', '(MegurineLuka)-caminar.mp3', 'MegurineLuka', '2022-05-29 12:55:23', 1);

INSERT INTO `comments` (`id`, `author`, `text`, `post_id`, `creationDate`) VALUES
(1, 'CangQiong', 'ES PRECIOSA LA CANCIÓN, YA QUIERO OIR MÁS DE TI', 5, '2022-05-29 14:58:34'),
(2, 'Evelynn', 'Felicitaciones, el instrumental es muy calmado, me ha enamorado', 5, '2022-05-29 14:58:34'),
(3, 'Javi12', '?VIVIR ASÍ ES MORIR DE AMOOOOORRR?\r\n\r\nMe encantaba esta canción, siempre la ponía en el coche y la cantaba a pleno pulmón', 4, '2022-05-29 15:01:32'),
(4, 'MarshalLee', 'Se le entiende muy bien el español a Maki, enséñame por favor', 4, '2022-05-29 15:01:32'),
(5, 'Yoim1ya_', 'Karin suena muy dulce, y Solaria suena muy gitana jajajajajajaja que guay', 3, '2022-05-29 15:01:32'),
(6, 'CangQiong', 'Cuando al final cada una dice una cosa distinta, osea dicen disco duro, pantalla y ratón cada una me ha enamorado ✨✨\r\n\r\nSigue así', 3, '2022-05-29 15:01:32');
